addClientsFromCsv, 2022-05-01 14:27:33.497
addClient, 2022-05-01 14:28:07.498
showClient, 2022-05-01 14:28:14.164
showClients, 2022-05-01 14:28:17.339
addAccountsFromCsv, 2022-05-01 14:28:31.679
addCardsFromCsv, 2022-05-01 14:28:38.354
addTransactionsFromCsv, 2022-05-01 14:28:44.062
showTransactions, 2022-05-01 14:28:54.723
showAccounts, 2022-05-01 14:29:04.697
showAccounts, 2022-05-01 14:29:16.208
showClients, 2022-05-21 21:28:50.567
showClient, 2022-05-21 21:31:03.574
showClients, 2022-05-21 21:58:21.048
